train_loss,val_loss,train_acc,val_acc
0.025057586034138997,0.04066309034824371,0.016999999682108562,0.025
