train_loss,val_loss,train_acc,val_acc
0.14583130727211635,0.18306398391723633,0.175,0.1375
0.1570244088768959,0.1679400771856308,0.16666666666666666,0.1625
